,0
Culturally Appropriate Technology,6
Acne Conglobata,4
Psacalium,1
Expropriation,2
Cadherin Related Proteins,2
Metatarsal Valgus,1
"Microtrauma, Physical",2
Nuclear Pharmacy,1
Acute Retroviral Syndrome,3
Death Domain Superfamily,2
Death Domain,6
Stromal Interaction Molecules,5
Postcards as Topic,6
Fused-Ring Compounds,3
Cytochrome P450 Family 8,1
Cytochrome P450 Family 11,1
Peptidyl-Prolyl Cis-Trans Isomerase NIMA-Interacting 4,1
Study Guides as Topic,1
National Center for Complementary and Integrative Health (U.S.),1
Desegregation,3
Refugee Camps,74
Mental Health Recovery,70
Nitrosative Stress,173
Aruba,1
Curacao,19
Sint Maarten,4
Cancer Survivors,2065
Sao Tome and Principe,10
Caribbean Netherlands,2
Naja,15
Naja naja,27
Naja haje,1
Dendroaspis,11
Hemachatus,3
Hydrophiidae,11
Coral Snakes,24
Carbapenem-Resistant Enterobacteriaceae,361
Platelet-Rich Fibrin,236
Integrative Oncology,38
Ophiophagus hannah,5
Mental Status and Dementia Tests,850
Wisconsin Card Sorting Test,30
Memory and Learning Tests,69
Wechsler Memory Scale,14
Patient Health Questionnaire,246
Information Technology,197
"Models, Spatial Interaction",19
Manual Lymphatic Drainage,29
Addiction Medicine,37
Obesity Management,54
Psycho-Oncology,45
Whole Genome Sequencing,2966
Pictorial Works as Topic,7
Mycobacterium abscessus,142
Whole Exome Sequencing,1846
Demethylation,152
DNA Demethylation,91
Dietary Sugars,432
Microvascular Rarefaction,21
Multitasking Behavior,99
Data Warehousing,89
Laticauda,4
Frailty,1253
Contraceptive Effectiveness,19
"Biological Variation, Population",349
Burkholderiales,35
Campylobacteraceae,12
Caryophyllales,51
Chromadorea,24
Clostridiaceae,26
Crotalinae,39
Culicomorpha,5
Desulfovibrionaceae,5
Eutheria,40
Fagales,21
Feliformia,1
Helicobacteraceae,4
Laurales,1
Faith-Based Organizations,61
Shift Work Schedule,254
Stakeholder Participation,468
"Diet, High-Protein",122
Dietary Approaches To Stop Hypertension,72
Antimicrobial Stewardship,599
Spotted Fever Group Rickettsiosis,83
Transfusion-Related Acute Lung Injury,17
Varicella Zoster Virus Infection,97
Pre-Analytical Phase,25
Symbolic Interactionism,1
Oligodendrocyte Precursor Cells,141
Alphacoronavirus,16
Betacoronavirus,14
Betacoronavirus 1,15
Gammacoronavirus,6
Healthy Aging,411
Water Sports,180
Nonlinear Optical Microscopy,67
P-type ATPases,18
Second Harmonic Generation Microscopy,56
"Pain, Procedural",233
Self-Directed Learning as Topic,41
Scholarly Communication,64
"Tobacco, Waterpipe",40
"Smoking, Non-Tobacco Products",8
Survivorship,219
Immune Privilege,11
Cigar Smoking,23
Cigarette Smoking,1168
Water Pipe Smoking,132
Pipe Smoking,8
Tobacco Smoking,600
Vascular Ring,30
"ATP Binding Cassette Transporter, Subfamily A",1
Body Contouring,98
"ATP Binding Cassette Transporter, Subfamily A, Member 4",1
Scientific Experimental Error,48
Vaccination Coverage,651
Cell-Free Nucleic Acids,608
Liquid Biopsy,342
Health Information Interoperability,90
Cryobiology,5
"Child, Foster",86
"Child, Adopted",56
Food Intolerance,27
Graphic Novels as Topic,34
Biological Coevolution,89
Adverse Outcome Pathways,44
Food Addiction,100
Risk Evaluation and Mitigation,9
Prescription Drug Monitoring Programs,103
Academic Performance,603
Intercellular Adhesion Molecule-3,7
Bone Marrow Stromal Antigen 2,16
"Anesthesia, Cardiac Procedures",15
Immunoturbidimetry,43
Staphylococcus capitis,12
"Microorganisms, Genetically-Modified",293
Night Eating Syndrome,11
Extracorporeal Shockwave Therapy,226
Bronchial Thermoplasty,30
Environmental Biomarkers,265
Conservation of Water Resources,195
Undifferentiated Connective Tissue Diseases,44
MutS Proteins,8
THP-1 Cells,1146
"Mice, Knockout, ApoE",330
Equivalence Trials as Topic,191
Funeral Homes,4
Cocaine Smoking,10
Circulating Tumor DNA,388
Kazal Motifs,2
Nicotine Chewing Gum,14
Circulating MicroRNA,379
AAA Domain,10
"Rumination, Digestive",36
"Rumination, Cognitive",224
Immune Reconstitution,53
Smoking Reduction,33
Materials Science,27
Organism Hydration Status,106
Guanylyl Cyclase C Agonists,17
Resonance Frequency Analysis,51
Meconium Ileus,9
Periphyton,45
Smokers,1097
Preliminary Data,382
"Antineoplastic Agents, Immunological",2037
Dietary Exposure,593
Sleep Latency,57
Mass Drug Administration,178
Greenhouse Gases,488
Sexual Health,501
Food Ingredients,45
Gender-Based Violence,117
Early Goal-Directed Therapy,12
"Therapeutic Index, Drug",11
Meniscectomy,114
Peroxisomal Targeting Signals,9
Mastoidectomy,100
Fermented Foods and Beverages,306
Aldo-Keto Reductase Family 1 member B10,4
Candida parapsilosis,122
Keratectomy,17
Sphincterotomy,16
Myotomy,109
Heller Myotomy,60
Tetratricopeptide Repeat,29
Political Activism,75
Fascism,6
Involuntary Treatment,31
PR-SET Domains,14
Consumer Health Informatics,64
Suprachiasmatic Nucleus Neurons,7
AAA Proteins,2
Short Chain Dehydrogenase-Reductases,14
WW Domains,24
Remyelination,139
Smoking Devices,9
Smoking Pipes,2
Opium Dependence,22
MYND Domains,2
Marijuana Use,472
Nephrotomy,45
Nephroureterectomy,131
Proteostasis,194
Nematocera,41
Quasispecies,58
Human Genetics,39
Lateral Internal Sphincterotomy,4
Oncogene Addiction,6
Hemodynamic Monitoring,77
ADP-Ribosylation,72
Pterygota,1
Neoptera,102
Poly ADP Ribosylation,35
Holometabola,71
Aeromonadales,1
Alethinophidia,4
Diapause,79
Treatment Adherence and Compliance,285
One Health,102
Work Engagement,224
Salpingo-oophorectomy,146
Pyloromyotomy,55
Vulvectomy,19
Amniotomy,15
Nut and Peanut Hypersensitivity,6
Kounis Syndrome,27
Palaeoptera,3
Academic Failure,22
Sustainable Growth,13
Lilianae,3
Body Packing,14
"Substance Abuse, Oral",2
Proof of Concept Study,973
Smoldering Multiple Myeloma,20
Abuse-Deterrent Formulations,19
"Contraindications, Drug",123
Janus Kinase Inhibitors,105
Incivility,73
Animal Scales,96
Chemokine CCL18,1
Smoking Water Pipes,86
Semantic Web,64
Anti-Citrullinated Protein Antibodies,182
Gene Drive Technology,26
"Transplantation, Haploidentical",153
Bedridden Persons,23
Population Health,359
Adaptive Clinical Trials as Topic,22
Long-Acting Reversible Contraception,148
Prolotherapy,21
Aversive Agents,17
Solitary Kidney,68
Organ Motion,65
Multifocal Intraocular Lenses,57
Charles Bonnet Syndrome,12
Non-Point Source Pollution,54
Injection Site Reaction,98
Ion Mobility Spectrometry,201
Recidivism,219
Procrastination,41
Toxin-Antitoxin Systems,82
Interdisciplinary Research,79
Cell Phone Use,94
Zinc Finger Nucleases,35
Science in the Arts,9
Science in Literature,7
Clinical Deterioration,120
Wildfires,222
PHD Zinc Fingers,21
FERM Domains,6
Intraepithelial Lymphocytes,125
Alcoholic Korsakoff Syndrome,4
Drug Misuse,82
"Biological Variation, Individual",156
"Diet, High-Protein Low-Carbohydrate",22
Therapeutic Index,28
Animal Fur,60
Patient Generated Health Data,40
Popular Culture,19
Stereolithography,71
Lepisma,3
Sida Plant,8
Wearable Electronic Devices,1316
"Communicable Diseases, Imported",175
Composting,764
Citrullination,80
Multimorbidity,482
Academic Success,733
Diverticular Diseases,46
Daphniphyllum,2
Sustainable Development,228
Clinical Observation Units,19
Mentalization,37
Population Health Management,25
Syndemic,28
Disenfranchised Grief,5
Saxifragales,19
Brugmansia,1
Genetic Profile,49
Malpighiales,17
Desulfovibrionales,1
Maesa,1
Myrsine,3
Host Microbial Interactions,342
Endurance Training,95
Ranunculales,8
Ventilation-Perfusion Scan,9
Preprints as Topic,3
International Health Regulations,5
Drug Development,334
Negative Results,35
Collaborative Cross Mice,7
Synthetic Drugs,27
Traffic-Related Pollution,69
Race Factors,83
Adverse Childhood Experiences,336
Pinealectomy,4
Diagnostic Screening Programs,31
Gray Literature,9
UNESCO,3
Rickettsiales,14
"Receptors, Chimeric Antigen",222
Neonatal Brachial Plexus Palsy,15
GRADE Approach,9
Birth Setting,14
Chlorophyceae,93
Gait Analysis,296
Public Expenditures,6
Disability Studies,2
Malvales,6
Myrtales,10
Neurolymphomatosis,10
"Chondrosarcoma, Clear Cell",1
Cyberbullying,74
Caspian Sea,13
Internet Access,21
Calcium Aluminosilicate,3
Dialectical Behavior Therapy,27
Online Social Networking,75
Sleepiness,171
Ciona,12
Calcium-Regulating Hormones and Agents,38
Latent Class Analysis,357
Craniofacial Fibrous Dysplasia,4
Protein Carbamylation,30
Bone-Anchored Prosthesis,73
Forensic Psychology,27
Harmala Alkaloids,2
"Urinary Bladder, Underactive",34
Niemann-Pick C1 Protein,14
Flexural Strength,124
Healthcare-Associated Pneumonia,53
"Sleep, Slow-Wave",86
Aggressive Driving,11
Road Rage,3
Extracellular Polymeric Substance Matrix,187
Density Functional Theory,433
Pyrolysis,290
Biomineralization,89
Deep Learning,968
Alginic Acid,42
Salt Stress,288
Saline Solution,212
Post-Lyme Disease Syndrome,8
Gastric Artery,7
GATA2 Deficiency,12
Smoking Cessation Agents,76
Data Science,59
Glymphatic System,47
Big Data,285
Focused Assessment with Sonography for Trauma,11
Natural Disasters,81
Implementation Science,178
Family Separation,9
Cauda Equina Syndrome,27
Screen Time,141
Self-Neglect,5
Immunoglobulin G4-Related Disease,121
Procalcitonin,231
"Orthodontic Appliances, Fixed",101
Cone Dystrophy,6
"Shared Governance, Nursing",2
"Hospitals, Rehabilitation",36
Myopericytoma,2
Pancreatic Intraductal Neoplasms,54
Plastination,4
Lipoabdominoplasty,6
"Societies, Veterinary",9
Body-Weight Trajectory,37
Progression-Free Survival,1572
"Posttraumatic Growth, Psychological",84
Change Management,22
Economic Status,96
Gestational Weight Gain,212
Aegilops,26
Data Aggregation,12
Data Visualization,101
Data Systems,49
Correlation of Data,823
Data Analysis,690
Facilities and Services Utilization,328
Procedures and Techniques Utilization,239
Equipment and Supplies Utilization,36
Disgust,82
Conscientious Refusal to Treat,10
Embarrassment,18
Gun Violence,53
Non-Smokers,133
Allogeneic Cells,24
Therapeutic Alliance,90
Child Labor,11
Prior Authorization,20
Regenerative Endodontics,56
Meat Proteins,34
Poultry Proteins,3
"Fish Proteins, Dietary",23
Grain Proteins,15
Proctectomy,214
Nut Proteins,2
Shellfish Proteins,5
Sadness,73
Secretagogues,16
Nutrients,959
Wool Fiber,6
Medical Countermeasures,13
Collections as Topic,1
"Clinical Trials, Veterinary as Topic",6
Respect,102
Radiofrequency Ablation,393
Quantitative Light-Induced Fluorescence,11
PC-3 Cells,263
Pea Proteins,13
Substandard Drugs,2
Forms as Topic,19
Vaccinology,18
Standing Position,232
Tandem Affinity Purification,13
Ex-Smokers,33
Levomilnacipran,2
Pulmonary Arterial Hypertension,2
Acanthopodina,1
Guttaviridae,1
Palaquium,1
Leptospira interrogans serovar hebdomadis,1
Racemethionine,5
Cytochrome P-450 CYP2C8 Inducers,2
Karoshi Death,2
Periamygdaloid Cortex,1
